headline,outcome
Three Decades of Delivering Excellence: Damco Solutions Celebrates 30 Years with Record Growth and the Velocity Theme at Its Core,good
"CVS cuts 5,000 jobs and warns of worsening pharmacy reimbursement headwinds",bad
"Disney lays off 7,000 employees as streaming losses mount",bad
Stock market suffers worst single-day drop since 2020 pandemic crash,bad
This Nvidia-Backed Artificial Intelligence (AI) Infrastructure Company Is Solving a Key Problem. It Could Easily Become a Multibagger Stock in the Next 3 Years,good
Microsoft Rides on Enterprise AI Advancements: More Upside Ahead?,good
Better Buy: Starbucks vs. Dutch Bros Stock,good
"3 Stocks That Have Turned $15,000 Into $4 Million in 20 Years",good
Howard Lindzon on Seed Investing: Why Most of Your Bets Will Fail: and Why Thats Okay,bad
"Goldman Sachs CEO David Solomon had 2 jobs as a teenager while also juggling 3 sports. Now, hes telling Gen Z to stop wasting time",good
Cathie Wood Just Made a Huge Bet on Kodiak AI Stock. The Rest of Wall Street Sees Triple-Digit Upside Potential Too.,good
Energy prices spike as OPEC announces surprise production cuts of 1.16 million barrels,bad
"Deal Creates One Of World's Largest Utilities, Major Power Provider For AI Data Centers",good
Adobe Taps Semrush Lovable AI Link As Search Data Joins App Design,good
"Goldman Sachs report reveals the most stable income range in America, and it might surprise you. Where do you fall?",bad
Lithium prices collapse 80% from peak crushing electric vehicle battery economics,bad
Standard Chartered Forecasts $4 Trillion In Tokenized Assets By 2028,good
"John Stankey to Update Shareholders at J.P. Morgan Global Technology, Media and Communications Conference on May 19",good
"Guess Which Stock Drove The Dow To 50,000? (It's Not Nvidia)",good
BofA Just Picked FedEx Stock as One of Its Best Ideas: Logistics Giant Joins the US 1 List,good
Hospital chain Steward Health Care files for bankruptcy leaving patients in limbo,bad
US GDP contracts for second consecutive quarter confirming technical recession,bad
Iron ore prices crash 30% as China property sector crisis deepens further,bad
Terra Luna stablecoin collapses wiping out $40 billion in investor wealth overnight,bad
"BofA Reinstates Coverage of ServiceNow, Salesforce. It Says 1 Is an AI Beneficiary.",good
Xanadu Quantum Revenue Increases Fourfold. Why the Stock Is Falling.,bad
5 Things to Know Before the Stock Market Opens,good
Twitter lays off 50% of staff within days of Elon Musk takeover,bad
Tupperware files for Chapter 11 bankruptcy after 77 years in business,bad
Russell 1000 Dividend ETF Hits $125 as Johnson & Johnson Leads The Safety Test,good
Amazon Hit With Consumer Lawsuit Over Trump Tariff Refunds,bad
Will Innovation in Tide and Pampers Revive PG's Volume Growth?,good
SEC cracks down on staking services forcing Kraken to shut down US operations,bad
Chevron warns of $10 billion in writedowns as renewable energy transition accelerates,bad
"Microsoft cuts 10,000 jobs as cloud revenue growth slows dramatically",bad
History says AI is likely to widen the gap between corporate giants and everyone else: Goldman Sachs,good
"PayPal Resets Growth Story With DOJ Deal, Fee Waivers And Crypto Shift",good
"Why ServiceNow Rallied Today, Even As Tech Stocks Fell",good
Is Johnson & Johnson (JNJ) One of the Best  Dogs of the Dow  Stocks to Buy for the Rest of 2026?,good
Walmart's AI and Automation Push: Long-Term Cost Advantage?,good
"A $5 Coffee Habit Compounded 40,000% Yet Wall Street Still Cheers the Layoffs",bad
FedEx (FDX) Gained From Strong Execution in Q1,good
Buy 5 AI-Powered Internet Software Laggards for Huge Short-Term Upside,good
IBM s New AI Units And Services Reshape Enterprise Consulting Story,good
"Cisco surges on Q3 AI demand, while cutting 4,000 jobs in AI overhaul",bad
Goldman Sachs revamps Figma stock price target for rest of 2026,good
Analysts Lower McDonalds (MCD) Price Targets Despite Q1 Earnings Beat,bad
Is Now the Time to Buy Forgotten FAANG Stock Netflix?,good
"Private Credit Reckoning: KKR, BLK & Others Step In to Shore Up BDCs",bad
1 S&P 500 Stock Worth Your Attention and 2 That Underwhelm,good
JPMorgan s German Retail Debut Tests Digital Model And Valuation Story,good
S&P 500 and Nasdaq 100 Post New Record Highs on Chip Stock Strength,good
FDA issues complete response letter rejecting Biogen Alzheimer drug application,bad
Why Charles Schwab Stock Bumped Higher on Friday,good
Uranium miner suspends operations after safety incident at flagship mine,bad
Tesla misses Q3 earnings estimates as margin compression worsens,bad
UPS Surcharges And FedEx Fees Test Pricing Power And Valuation,good
McDonald's Faces Low Income Strain As Stock Pullback Raises Valuation Questions,bad
Bond Ructions Gatecrash Talks by G-7 on Skewed World Economy,bad
"Intel cuts 15,000 jobs as PC market continues steep decline",bad
Pepsi launches 5 limited-edition soda flavors,good
1 Dow Jones Stock Worth Your Attention and 2 We Ignore,good
Walgreens closes 150 stores citing retail theft and pharmacy reimbursement pressures,bad
"IMAX on Track to Reach $1.4 Billion in Box Office Proceeds Despite Headwinds, B. Riley Says",bad
Why Adobe (ADBE) Shares Are Sliding Today,bad
Copper prices fall to two-year low on weakening Chinese manufacturing demand,bad
"The Zacks Analyst Blog Highlights Costco, Coca-Cola, AstraZeneca and Franklin Financial Services",good
Interactive Brokers Expands Prediction Markets Push: What Does it Mean?,good
"New Drone Incidents in Middle East Keep Tensions High, Nudge US Equity Futures Pre-Bell Lower",bad
"Dow Jones plunges 1,200 points as recession fears grip Wall Street",bad
"Gold Inches Up as Traders Weigh Iran Deal Prospects, Inflation",bad
Unusual Options Activity: Revisiting 3 Bets I Might Have Made 6 Weeks Ago,good
Todd Graves Billion-Dollar Chicken Chain Started With the Worst Grade in Business School,bad
Buy the Dip in Nvidia Stock off of Record Highs as Q1 Earnings Approach?,good
"Citigroup axes 20,000 jobs in sweeping restructuring overhaul",bad
AI Poised to Tilt Job Market Leverage Toward Older Workers,good
How The Docebo (TSX:DCBO) Story Is Shifting As Bookings Strength Meet Subscription Concerns,bad
CFPB sues major banks over Zelle fraud losses affecting millions of customers,bad
Neiman Marcus enters bankruptcy with $5 billion in accumulated debt,bad
Mark Kelly Says Americans Paid 'Price' For Trump Admin's 'Chaotic' Tariff Policy And Savings Should Go Back To Them As Nike Faces Class Action Suit,bad
General Dynamics Contract Win And Cybersecurity Push Shape Valuation Story,good
Sears files for bankruptcy ending 132-year run as American retail icon,bad
Kioxia Shares Hit New High After AI Fuels Huge Profit Increase,good
"Amazon slashes 18,000 positions amid e-commerce slowdown",bad
UPS (UPS) Q1 Revenue Hits $21.2B With $1.27B Operating Profit,good
Natural gas prices collapse 60% leaving energy producers facing severe losses,bad
Apple reports first revenue decline in four years amid China slowdown,bad
Stocks crater as Federal Reserve signals more aggressive rate hikes ahead,bad
RBC Capital Markets Lowers IBM PT while Keeping Bullish Rating,good
Chinas Economy Succumbs to Slowdown and Reignites Stimulus Talk,bad
Morgan Stanley Cuts South Africa 2026 Growth Forecast to 1.2%,bad
"United Airlines Adds First U.S.-Sapporo Nonstop, Boosts Japan Service",good
"KBR Stock Has Fallen 45% This Past Year, but One Investor Just Disclosed a New $24 Million Bet",bad
McDonald's Company-Run Margins Draw Focus: Can Ownership Mix Help?,good
Is UPS Stock a Bad-News Buy?,bad
Signature Bank shut down by regulators amid crypto contagion fears,bad
Global food prices hit record highs as Ukraine war disrupts grain supply chains,bad
Morgan Stanley turns bullish on Ford's EV storage business,good
Evercore ISI Maintains Outperform Rating on Advanced Micro Devices (AMD),good
"Top Stock Reports for Costco, Coca-Cola & AstraZeneca",good
"OnQ Integrates IBM AS/400 into its Converge Platform, Bringing Real-Time Inventory to In-Store Retail Experiences",good
Home Depot Earnings Due As Mortgage Rates Climb To 9-Month High,bad
Mark Cuban: 'Ive gotten beat.' After investing 20M into his first 85 Shark Tank investments they lost money,bad
How Important Are Skyrizi and Rinvoq to AbbVie's Q1 Results?,good
Discontinued Mountain Dew flavor returns exclusively at Walmart,good
Starbucks to cut 300 corporate roles in US  report,bad
Jim Cramer Is Intrigued By Charles Schwab (SCHW),good
"Bitcoin crashes below $16,000 as FTX contagion spreads across crypto industry",bad
FedEx Freight Spin Off Sets Stage For Sharper Focus At FDX,good
LeBron James was on the Cleveland Cavaliers the last time Nike stock traded at these lows,bad
PepsiCo s Muscle Milk flexes rebrand in crowded protein drink space,good
Consumer spending pullbacks haven't 'materially impacted' retailers yet,bad
US imposes sweeping semiconductor export controls on China hitting chip stocks hard,bad
"Global centres in India slow hiring as AI reshapes work, ANSR CEO says",bad
Turkey lira hits record low as inflation surges above 85% annually,bad
Another iconic auto brand is taken down by low EV sales,bad
NVIDIA Corporation (NVDA): Mark Cuban Highlights Importance of AI Literacy,good
"Trump s More Than 3,700 Trades Astonish Wall Street Insiders",good
1 Unpopular Stock That Deserves Some Love and 2 Facing Challenges,bad
GM cuts biggest Silverado trucks as partner sells assembly plant,bad
"Forget Hyperscalers, These Stocks Are The New AI Plays",good
Red Lobster closes 50 restaurants in bankruptcy filing blaming endless shrimp promotion,bad
Honeywell International Inc. (HON): One of the Best Drone Stocks to Buy According to Wall Street Analysts,good
Lululemon claps back at Chip Wilson after spurned settlement offer,bad
"Zscaler upgraded, CoreWeave downgraded: Wall Street's top analyst calls",good
Kiplingers May 2026 Letter Says Yields From 3% to 13% Are Available Right Now Despite Iran War Uncertainty,bad
Is PayPal Stock Too Cheap to Ignore?,good
Credit Suisse collapses and is absorbed by UBS in emergency rescue deal,bad
Strait of Hormuz closure causes Diet Coke shortage in India as food brands brace for wider impacts,bad
UBS Clears Regulatory Hurdle as Fed Ends Archegos Enforcement Action,good
NextEra-Dominion Energy Merger To Create World s Largest Electric Utility,good
"Apple Readies AI Writing Help, App Shortcuts and Wallpapers for iOS 27",good
A China Deal Only Trump Could Strike,good
Home Depot Stock Faces Low Expectations Ahead of Earnings,bad
"Stock Market Today, May 18: Intel Slips After AI Bubble Risk Warning Offsets Early Gains",bad
McDonalds (MCD): The Best Depressed Stock to Buy in 2026,good
Bill Ackman Is Going All in on Microsoft. Should You Do the Same?,good
Top Mobile Payments Stocks to Buy in an Accelerating Digital Era,good
"Market Chatter: Apple Working on AI Writing Tools, Shortcuts for iOS 27",good
DOJ sues Google over advertising monopoly in landmark antitrust case,bad
Gold mining company reports massive cost overruns delaying production by two years,bad
Starbucks Cuts 300 Corporate Jobs and Takes $400M Restructuring Charge,bad
"Walmart, Amazon and Home Depot are part of Zacks Earnings Preview",good
The future of Americas military industrial complex,good
EU regulators hit Meta with record $1.3 billion privacy violation fine,bad
This UFO ETF Is Among the Few Real Ways To Invest In The Space Economy,good
"Why Keeping Emergency Cash in Checking Costs You $15,000 Over a Decade",good
Bonds Now Make Up Just 8% of the Average Portfolio. What Replaced Them,good
"'It's Long Overdue To Get Rid Of Bad Software,' Says PayPal Co-Founder Max Levchin   But Calls Replacing DoorDash The 'Silliest' AI Claim",good
Coca-Cola Shutters Century-Old Ventura Plant As Stock Shows Valuation Upside,bad
"Oil Rises on Doubts Over US, Iran Stance to End Conflict",bad
"Exploring Analyst Estimates for Walmart (WMT) Q1 Earnings, Beyond Revenue and EPS",good
"Home Depot (HD) Faces Sluggish Demand Trends, Says Piper Sandler",bad
How The Investment Narrative For United Airlines Holdings (UAL) Is Shifting With Fuel And Demand,good
Johnson & Johnson Lung Cancer Data Adds Dimension To Oncology Valuation Story,good
"Ford announces 3,800 layoffs as EV transition costs spiral out of control",bad
Nike Stock's Terrible Performance Just Keeps Getting Worse. Is It Finally Time to Buy?,bad
Why Is Morgan Stanley (MS) Up 3.9% Since Last Earnings Report?,good
Starbucks to open first corporate office in India for tech expansion,good
Carvana warns of going concern risk as used car prices collapse,bad
1 of Wall Streets Favorite Stock to Target This Week and 2 Facing Headwinds,bad
"Peloton lays off 2,800 workers as post-pandemic demand collapses",bad
"Stocks making big moves yesterday: Nvidia, Salesforce, The Trade Desk, Wayfair, and Dynatrace",good
SpaceX IPO Could Disappoint Investors Based on Historical Patterns,bad
General Motors (GM) Valuation Check As IT Layoffs And Privacy Settlement Reshape Its Technology Focus,bad
First Republic Bank seized and sold to JPMorgan after deposit flight,bad
1 Cash-Producing Stock Worth Your Attention and 2 We Find Risky,bad
General Dynamics (GD) Releases Q1 2026 Financial Results,good
Wall Street braces for continued losses amid debt ceiling standoff,bad
FedEx board approves trucking business spinoff,good
Marc Benioff says Salesforce will spend $300M on Anthropic in 2026,good
Crypto market loses $2 trillion in value amid regulatory crackdown and fraud scandals,bad
Robinhood reports $1.7 billion quarterly loss as trading activity slumps,bad
Disney s Next Battle Won t Be Against Netflix,bad
Anthropic debuts Claude for Small Business as it continues its enterprise software push,good
Prediction: The Stage is Set for a Costco Stock Breakout,good
Trade Wars Come and Go. These 2 Consumer Staples Stocks Are Built to Last.,good
U.S. Consumer Spending Tops $21.86T: 5 Fintech Stocks Under $75,good
Junior miner halts drilling program after assay results disappoint investors,bad
Wayfair posts $1.3 billion annual loss as furniture demand dries up,bad
Datavault AI Inc (DVLT) Q1 2026 Earnings Call Highlights: Strategic Partnerships and ...,good
A Look At Netflix (NFLX) Valuation As Long Term Gains Contrast With Recent Share Price Weakness,bad
"US Equity Investors to Focus on Mag-7 Earnings, Fed's Policy Path, China Trade Deal This Week",good
3M Annual Meeting Results,good
Costco's April Sales Reinforce Its Case as the Ultimate Defensive Stock,good
Berkshire Hathaway vs. BlackRock: Which Financial Giant Has an Edge?,good
"Stock Market Today: Dow Rises, Nasdaq Cuts Loss As Trump Delays Iran Attack; Nvidia Falls (Live Coverage)",bad
"US Equity Investors to Look Out for Big Tech Earnings, Fed Policy Announcements This Week",good
BlackRock (BLK) Up 4.3% Since Last Earnings Report: Can It Continue?,good
Figma s Earnings Just Flipped the Narrative,good
Amazon Launches 30-Minute Deliveries. That Matters More for Uber Than FedEx.,good
Lordstown Motors files for bankruptcy after failing to launch EV pickup,bad
Assessing Honeywell International (HON) After The Planned Three-Way Breakup Announcement,good
"SCHW Ups 2026 Outlook, Targets Mid-Teen EPS Growth Through the Cycle",good
Tesla s 18.97% Weight in XLY Explains Why It Beat VCR by 9 Points in Five Years,good
Papa Johns garlic sauce coming to grocery stores in 2026,good
What Wall Street CEOs Want from Trump-Xi Summit,good
BlockFi declares bankruptcy following FTX collapse contagion,bad
Here's How Neuroscience Drugs Boost AbbVie's Q1 Sales Growth,good
The Bull and Bear Cases for Investing in SoundHound AI Stock,good
Why The Narrative Around General Dynamics (GD) Is Shifting On Mixed Analyst Valuation Signals,bad
Amazon Faces Consumer Lawsuit Over Tariff-Related Price Hikes,bad
Peloton warns of slowing demand and raises prices as losses deepen,bad
JCPenney closes 242 stores after filing for Chapter 11 bankruptcy protection,bad
"Is United Parcel Service, Inc. (UPS) A Good Stock To Buy Now?",good
"Stock Market Today, May 18: Cautious Mood Nudges Markets Downwards",bad
CIO touts 'AIR 7' as AI-heavy alternative to 'Magnificent 7',good
Why BlackRock (BLK) is a Top Dividend Stock for Your Portfolio,good
Why Could Honeywell International (HON) Spin-Off Plans Drive Significant Upside,good
British Takeovers Up 250% as Global Buyers Bypass Political Flux,good
Cathie Woods flagship fund is largely missing out on a booming tech-fueled bull run,bad
Housing market seizes up as mortgage rates climb above 8% for first time since 2000,bad
"Stock market today: Dow, S&P 500, Nasdaq futures trade flat as inflation worries persist",bad
Crypto exchange FTX collapses in 72 hours in one of history's largest financial frauds,bad
The Top 5 Analyst Questions From Lyfts Q1 Earnings Call,good
Stocks Tumble on Inflation Jitters,bad
Starbucks to Cut 300 Corporate Jobs as Turnaround Efforts Continue,bad
"Alto Neuroscience CEO Amit Etkin, M.D., Ph.D. Receives Columbia University Transformational Research Award",good
"Goldman Sachs culls 3,200 jobs in biggest round of layoffs in a decade",bad
Cyberattack shuts down Colonial Pipeline causing fuel shortages across US East Coast,bad
Samsung halts chip production at Texas plant after severe ice storm damage,bad
How to Find Strong Retail-Wholesale Stocks Slated for Positive Earnings Surprises,good
FedEx CEO Isn't Buying The Amazon Panic,bad
"The U.S. has 1,200 AI bills and no good test for any of them",good
Rocket Lab Targets Missile Defense and Golden Dome as Its Next Growth Market,good
"Semrush Announces Partnership With Lovable, Bringing Search Intelligence Into the Building Experience",good
FTC files antitrust lawsuit seeking to break up Amazon's retail dominance,bad
"Dow Closes Above 50,000 for First Time in Months",good
"Is Berkshire Hathaway a Buy, Sell, or Hold in 2026?",good
Starbucks is Set to Lay Off 300 Corporate Employees as Part of Its Turnaround Strategy,bad
Moody's cuts outlook on major US banks to negative amid rising funding costs,bad
Should You Buy Goldman Sachs Stock After Its Investment Banking Fees Surged in Q1?,good
Quantum Computing Stocks: Quantinuum IPO Filing Bucks SPAC Trend,good
JPMorgan Chase & Co. (JPM)   Among the 10 Best  Dogs of the Dow  Stocks to Buy for the Rest of 2026,good
Germanium mining stocks plunge as China restricts critical mineral exports,bad
Coca-Cola (KO) Valuation Check After Recent Share Price Momentum And Mixed Fair Value Estimates,bad
"Cyclical stocks' strong run may be due a pause despite leading markets this year, leading bank warns",bad
Can IBM's Advanced AI and Virtualization Offerings Boost Its Shares?,good
Did Record Q1 2026 Results and Fee Engine Just Shift Morgan Stanley's (MS) Investment Narrative?,good
Oil spill from ruptured pipeline contaminates 200 miles of protected coastline,bad
"PayPal cuts 2,500 jobs citing macroeconomic headwinds and slowing growth",bad
Taiwan Strait tensions escalate as China conducts largest military exercises in decades,bad
"Prediction: AMD Stock Is Going to Triple in 5 Years, Thanks to This $120 Billion Opportunity",good
What Is an ETF? Everything Beginners Need to Know in 2026,good
Nickel market frozen after short squeeze causes London Metal Exchange to halt trading,bad
10 Quality Stocks That Hit New Lows This Weekand Look Like Bargains,bad
What Retirement Really Looks Like at 64 With $2.4 Million and a Father Moving Into the Guest Room Next Year,good
Forget Walmart. The Grocer Beating It on Trust and Margin Trades at a Third of the Multiple,good
"Up 231%, Is RTX Proving Why It Was a Mistake for Honeywell to Replace RTX in the Dow Jones Industrial Average?",good
How GM Plans to Take Advantage of Rare Ford Weakness,bad
Why The Narrative Around Oddity Tech (ODD) Is Shifting After Guidance Reset And Ad Concerns,bad
2 Quantum Leaders Are Going Public. Their Paths to the Market Couldnt Be More Different.,good
Nvidia Doubled Down on Its Second-Largest AI Holding. Should Investors Follow Suit?,good
"Jim Cramer Discusses Netflix (NFLX), JPMorgan & Risk-Reward",bad
Cloudastructure Bolsters Leadership Team With Appointment of Fortune 100 Security Veteran as Chief Security and Operations Officer,good
Evergrande liquidation ordered by Hong Kong court after debt restructuring fails,bad
J.Crew files for bankruptcy as mall traffic collapses during pandemic lockdowns,bad
"Walmart, Target, and More Retail Earnings Are Coming. Look for Clues on How Gas Prices Are Hitting Consumers.",bad
Buy TSM Below $400,good
Barclays Hikes Charles Schwab Price Target to $127: 2026 Guidance Crushes Street Expectations,good
Costco (COST) Advances While Market Declines: Some Information for Investors,bad
McDonald's Tests Brand Power With Nike Tie In And Spam McMuffin,good
IDEO invented  human-centered design.  Can it survive an AI world where everything looks the same?,good
Forever 21 files second bankruptcy after failing to find viable turnaround buyer,bad
Why Salesforce (CRM) Shares Are Falling Today,bad
"Starbucks delivers tough update on regional offices, cuts 100s of jobs",bad
Warner Bros Discovery takes $2.1 billion writedown on streaming content,bad
"Top Midday Stories: NextEra, Dominion to Combine in All-Stock Deal; Big Pharma Firms Denied Certiorari by Supreme Court in Medicare Pricing Case",bad
General Dynamics Corporation (GD) Partners with Kodiak AI on Autonomous Ground Vehicles for Defense Applications,good
"Walmart, Target Earnings Loom As Consumer Fears Hit Retail Stocks",bad
"Top Stock Reports for Apple, AMD & Chevron",good
NIKE Incs (NKE) Troubles Continue As Shares Hit Fresh 52-Week Low,bad
Celsius Network freezes all withdrawals trapping billions in customer funds,bad
Small business bankruptcy filings jump 40% year-over-year as costs crush margins,bad
Argentina defaults on sovereign debt for ninth time triggering peso collapse,bad
Citigroup Nears Final Approval for Wholly-Owned China Securities Firm,good
Jim Cramer Shares Unmissable Insights For Starbucks (SBUX),good
Strait Crisis Continues,bad
What Makes Procter & Gamble (PG) a Resilient Investment?,good
Sector Update: Consumer Stocks Mixed Late Afternoon,bad
Germanium Mining finalises initial private placement phase,bad
Is Now An Opportune Moment To Examine Honeywell International Inc. (NASDAQ:HON)?,good
Jim Cramer Discusses the Reluctance to Buy More Procter & Gamble for the Charitable Trust,good
HONEYWELL ANNOUNCES QUANTINUUM'S FILING OF REGISTRATION STATEMENT FOR PROPOSED INITIAL PUBLIC OFFERING,good
Solar panel supply chain disruptions cause major US renewable energy project delays,bad
IonQ and 5 More Stocks to Play Quantum Fever,good
Justice Department opens criminal investigation into Tesla autopilot deaths,bad
Schwab Signals 15% Revenue Growth As Retail Investors Stay Active,good
"Why This ""Boring"" Stock Is a Strong Buy Right Now",good
BlackRock Tests Tokenized Collateral As AI And Crypto Reshape Markets,good
Echo Global Logistics Launches EchoParcel for Scalable and Reliable Parcel Shipping Services,good
Poet Technologies Stock Sold Off Again Today -- Is It Time to Buy?,bad
OSHA fines Tesla $1.9 million for serious safety violations at Fremont plant,bad
Cancer Stocks That Are Advancing the Future of Oncology Care,good
Is IBM (IBM) Starting To Look Attractive After Recent Share Price Weakness?,bad
Egypt faces debt crisis as foreign currency reserves drop to dangerously low levels,bad
Caterpillar Stock Outlook: Is Wall Street Bullish or Bearish?,good
BofA reinstates Salesforce at Underperform on structural AI-driven reset,bad
TrendAI  Zero Day Initiative Leads Industry Remediation at Pwn2Own Berlin,good
SEC charges Coinbase with operating as unregistered securities exchange,bad
Sri Lanka defaults on foreign debt as economic crisis triggers mass protests,bad
Meta Platforms Is Down 11% in a Month While Alphabet Is Up 16%. What s Going On?,bad
Price Prediction and Forecast: Can CAT Shares Hit $1000 By 2027?,good
Rite Aid files for bankruptcy protection with more than $3 billion in debt,bad
Commodity hedge fund collapses after wrong-way bets on metal prices,bad
"Boeing cuts 2,000 engineering jobs as aircraft deliveries fall short",bad
Delivering Faster Care Through Point of Care Testing,good
Nike (NKE) Increases Despite Market Slip: Here's What You Need to Know,good
Digital Payment Today - Licensing Evolves Amidst Tech-Driven Finance Shift,good
Hedge Fund Delta Global Exited Its Stake in Abercrombie & Fitch Stock. Here's What That Means for Investors.,good
Zoom revenue growth grinds to halt as pandemic tailwinds fully reverse,bad
Alphabet (GOOGL) Among the Best Stocks to Buy for 5 Years According to Billionaires,good
Nvidia Q1 earnings: The 3 things this analyst will be watching,good
Jim Cramer Couldnt Stop Praising FedEx (FDX),good
2 Dividend Kings That Are Trouncing the Market This Year,good
Equity Markets Mixed as Trump Aborts Plan to Attack Iran,bad
"Ten Toes Launches Ten Beat, Sport's First Million-persona Intelligence Platform",good
ExxonMobil faces $12 billion lawsuit over decades of climate change deception,bad
What Lone Peaks $20 Million Thermon Exit Could Signal After Record Earnings,good
Arbor Realty Trust Successfully Redeems a Legacy CLO,good
Native Boba Cafe Launch Highlights P&G s Multicultural Growth And Valuation Upside,good
3 High-Yielding Dividend Stocks That Retirees Can Rely on for Recurring Income,good
Why S&P Global Stock Topped the Market Today,good
"BlackRock, State Street Launch Tokenized Stablecoin Products for Institutional Investors",good
The Sectors Quietly Winning While Investors Focus on Tech,good
TEAMSTERS DENOUNCE SHAM SETTLEMENT IN AMAZON JOINT EMPLOYER CASE,bad
"Robinhood, SoFi, and Webull Are Telling Very Different Stories",good
"Latin America Data Center Construction Industry Outlook 2026-2031 with ABB, Alfa Laval, ASSA ABLOY, Axis Communications, Bosch, Bruno Generators, Caterpillar, Cummins Leading",good
April Jobs Data Put Focus on These Sector ETFs & Stocks,good
RDW Underperforms Industry in the Past Year: How to Play the Stock?,bad
Merck halts clinical trial after serious adverse events reported in patients,bad
Lockheed Martin Stock Rises 10.8% in 6 Months: More Upside Ahead?,good
A Look At United Parcel Service (UPS) Valuation After Recent Share Price Gains And Margin Transition Plans,good
These Quantum Companies Post Earnings This Week. Expect More Innovation and Less Profit.,bad
ProPetro Holding Corp. (PUMP) Gets Upgraded by Barclays Post Q1,good
Caterpillar Centennial Year Links Record Sales To ESG And Growth Plans,good
How Investors Are Reacting To BlackRock (BLK) Doubling Down On Tokenized Funds And Digital Asset Infrastructure,good
Rivian cuts production guidance in half citing severe supply chain issues,bad
"Tech stocks today: Elon Musk loses court battle against OpenAI, Samsung extends talks to avert looming strike",bad
FedEx Uses Healthcare Partnership To Highlight Medical Logistics Capabilities For Investors,good
"FULLY LEASED, MULTI-TENANT RETAIL BUILDING IN LAKE COUNTY, ILLINOIS, HITS MARKET WITH HILCO GLOBAL",good
Cerebras IPO Euphoria Sends CBRS Stock Into Rare Air,good
SEC charges Binance CEO with fraud and money laundering conspiracy,bad
"NextEra to buy Dominion for $67 billion, betting on AI power demand",good
Why F5 Stock Zoomed Almost 5% Higher Today,good
Uber posts $5.9 billion quarterly loss as driver incentive costs surge,bad
Shipping costs soar 500% as port congestion reaches crisis levels globally,bad
Adobe Systems (ADBE) Declines More Than Market: Some Information for Investors,bad
NLRB rules Amazon illegally interfered with union organising efforts,bad
Netflix AI INKubator Launch Raises New Questions For NFLX Valuation,good
JPMorganChase Declares Common Stock Dividend,good
Berkshire Hathaway's Greg Abel Thinks Alphabet Is a Better Magnificent Seven Stock Than Amazon. Here's Why He's Right.,good
"Home Depot, Lowe's Seen Trimming Full-Year Outlook as Macro Pressures Build, Oppenheimer Says",bad
"Lyft announces 1,072 layoffs representing 26% of total workforce",bad
Netflix Inc. (NFLX): One of the Best Stocks in the Mark Cuban Portfolio,good
Coffee Prices Arent the Only Problem. How Retirees Can Fight Inflation.,bad
Class action lawsuit filed against Johnson and Johnson over talc cancer claims,bad
Quantinuum IPO Plan and Dividend Move Could Be A Game Changer For Honeywell International (HON),good
Prediction: Procter & Gamble Will Trade At This Price in 2027,good
Theranos founder Elizabeth Holmes sentenced to 11 years for massive healthcare fraud,bad
ServiceNow AI Partnerships Aim To Turn Pilot Projects Into Core Workflows,good
"Should You Buy, Hold or Fold Block Stock Post Q1 Earnings?",good
Netflix NFL Push And Ad Tier Expansion Reframe Long Term Upside,good
Digital asset hedge fund Three Arrows Capital collapses with $3 billion in losses,bad
"Dimon, Solomon to Meet With Mamdani as Mayor Pushes Higher Taxes",bad
KnowBe4 Launches a New Family Hub Providing Cyber Safety Training for Children and Adults,good
Stocks Settle Mixed on Tech Weakness and Inflation Pressures,bad
Jim Cramer Discusses Nike (NKE) & China,good
Starbucks Layoffs: What to Know About the Latest SBUX Job Cuts,bad
OPEC slashes oil production sending energy prices sharply higher,bad
Risk-off sentiment dominates as geopolitical tensions escalate sharply,bad
Credit card delinquencies hit 12-year high as consumers exhaust pandemic savings,bad
Silicon Valley Bank seized by regulators in largest US bank failure since 2008,bad
Producer price inflation accelerates suggesting consumer prices will remain elevated,bad
Netflix s Greg Peters on Why It Walked Away from the Warner Bros. Discovery Deal,bad
Price Prediction: Adobe Is Poised For A Strong Rebound,good
Morgan Stanley Declares Dividends on Its Preferred Stock,good
Lord and Taylor closes all stores after 194 years becoming pandemic's latest retail casualty,bad
IRS launches audit of Apple's $250 billion overseas tax arrangements,bad
5 Stocks to Boost Your Portfolio as Retail Sales Continue to Soar,good
Should You Lock In Gains Before Summer or Let Your Winners Ride?,good
Starbucks Corporation Announces Pricing Terms for its Upsized Tender Offers for Eight Series of Notes,good
"The Dow Hasn't Closed Above 50,000 Since February",bad
Jim Cramer on FedEx: One of the Greatest Turnaround Stories Out There,good
Nvidia Earnings Aren t the Most Important This Week. These Are Crucial to Markets.,bad
Stocks Settle Sharply Lower as Bond Yields Jump on Inflation Fears,bad
Global Bond Yields at Multiyear Highs on Mounting Inflation Risk,bad
Fed nominee Warsh takes the reins as inflation hits 3-year high,bad
"New Drone Incidents in Middle East Keep Tensions High, Drag US Equity Futures Pre-Bell",bad
Don't Buy Honeywell International Inc. (NASDAQ:HON) For Its Next Dividend Without Doing These Checks,bad
US national debt surpasses $34 trillion raising long-term fiscal sustainability concerns,bad
Consumer confidence crashes to lowest level since 2008 financial crisis,bad
Jim Cramer on United Parcel: I Dont Buy Stocks for Yield. I Buy Stocks for Growth,good
Earnings Not Enough To Impress Investors As PayPal (PYPL) Continues Downslide,bad
Rivian slashes 10% of workforce as EV startup burns through cash,bad
"Nike Faces Mounting Pressure in its Once-Booming China Market, WSJ Reports",bad
Meredith Whitney Warns: The One Money Move Middle-Income Americans Are Making to Survive Each Month,bad
Dollar Tree warns of margin pressure as theft and shrink costs hit record levels,bad
"The Best High-Yield Dividend Stocks to Buy With $10,000 Right Now",good
Warren Buffett Has Beaten the Market Over a 60-Year Stretch. Here Are 3 of the Billionaire's Favorite Stocks.,good
FedEx Corporation Moves Ahead With $4.1B Freight Separation Plan,good
"Stocks Set to Open Lower as Oil Rises Amid Iran Impasse, Nvidia Earnings and Fed Minutes Awaited",bad
No Upside For International Business Machines (IBM) Shareholders Post IBM Think 2026 Event,bad
"Walmart, Home Depot, and Target Might Be the Most Important Earnings This Week",good
TechCrunch Mobility: The AI skills arms race is coming for automotive,good
"McDonald's Seen Well-Positioned for Global Market-Share Gains, UBS Says",good
Alphabet s $5 Trillion Milestone: How AI Ambitions Are Fueling Google s Record Run,good
Jim Cramer Isnt Impressed By McDonalds (MCD),good
Morgan Stanley Cuts Figma Price Target Despite 46% Revenue Growth: Is AI Competition the Risk?,bad
Honeywell Investors Weigh Quantinuum IPO And Quantum Exposure Valuation,good
UnitedHealth Group stock slides after Berkshire Hathaway exits position in the health insurer,bad
"Saudi Arabia Construction Equipment Industry Research 2026-2031 Featuring Caterpillar, Komatsu, Hitachi, Volvo, Liebherr, SANY, XCMG, LiuGong, JCB, Zoomlion, Hyundai, Kobelco",good
Umicore - Transparency notification by JP Morgan Chase & Co.,good
Ford Drops 8% As AI Rally Suddenly Cools,bad
Beef prices have hit record highs: Stat of the day,bad
Why Johnson & Johnson (JNJ) is a Great Dividend Stock Right Now,good
Do Options Traders Know Something About Starbucks Stock We Don't?,good
Coca-Cola manufacturer to shutter major Southern California center,bad
"Meta fires 11,000 employees as Zuckerberg admits over-hiring mistake",bad
"Google announces 12,000 layoffs in largest workforce reduction in company history",bad
UK pension funds face margin calls as gilt yields spike to 20-year highs,bad
Trump Announces Discount Drug Pricing Expansion With Mark Cuban,good
WeWork files for bankruptcy protection after years of mounting losses,bad
TSMC warns of extended semiconductor downturn lasting through next year,bad
"Earnings live updates: Nvidia and Walmart, 2 important bellwethers for the US economy, report results this week",good
"US Equity Investors to Look Out for Mag-7 Earnings, Labor Market Data This Week",good
NANC Traders Beat the Crowd by 33 Points and the Difference Keeps Growing,good
"Google's YouTube Revenue May Be Bigger Than Wall Street Thought, Topping Netflix",good
"BofA Slaps Salesforce With Underperform Rating, $160 Price Target: Is the AI Story Falling Flat?",bad
How China Killed Every Rare Earth Competitor Before It Could Get Started,bad
"Shake Shack, Cracker Barrel, Sweetgreen, and Kura Sushi Stocks Trade Up and Down, What You Need To Know",good
Crypto Still Facing Doomsday Scenario Despite A Big Senate Win,bad
Private placement fails to raise minimum capital triggering mandatory dissolution,bad
This Nuclear AI Stock Is Dropping. Heres Why.,bad
Can Caterpillar Sustain Margins Amid Rising Tariff Pressures?,bad
The Dividend Stock That Keeps Raising Its Payout No Matter What the Market Does,good
Schwab CEO Says AI Will Serve Below $1M Clients,good
Caterpillar vs. Deere: Which Heavy Equipment Stock is the Better Buy?,good
Honeywell CEO says Iran conflict and AI are boosting demand,good
Caterpillar Inc. (CAT) is Attracting Investor Attention: Here is What You Should Know,good
"NVDA, WMT Report This Week, but News on the Strait Is Key",bad
DocuSign plunges 40% after slashing revenue forecast for full year,bad
US retail sales fall for third consecutive month signalling consumer exhaustion,bad
"UPS and FedEx up international fuel surcharge rates, add surge fees",good
Federal prosecutors indict former FTX CEO Sam Bankman-Fried on fraud charges,bad
"Amid AI Disruption and Retention Risk Concerns, Financial Benefits Drive Employee Engagement, Morgan Stanley Survey Finds",bad
On Holding Founders Acquire $6.6 Million of Class A Shares,good
"Here Are Monday s Top Wall Street Analyst Research Calls: Applied Materials, CoreWeave, Deckers Outdoor, F5, Lam Research, Salesforce, ServiceNow, Zscaler, and More",good
"Middle East and Africa Wearable Injectors Market Trends and Forecast Report 2026-2035 Featuring Amgen, BD, Biocon, Gerresheimer, Insulet, J&J, Medtronic, Roche, West Pharmaceutical, Ypsomed",good
How The SLB (SLB) Story Is Shifting As Analysts Rework Valuation And Risks,bad
Johnson and Johnson ordered to pay $8.9 billion in talc baby powder cancer settlement,bad
"Emerging Carry Trade Rebounds, Top Picks Include Real, Rand",good
Wildfire destroys Pacific Gas and Electric infrastructure causing widespread blackouts,bad
A Look At General Dynamics (GD) Valuation After Recent Share Price Softness,bad
"Heron Bay Doubles Down on Vontier, Buying 1.37 Million Shares",good
S&P 500 enters bear market territory after six consecutive weeks of losses,bad
Morgan Stanley reveals new DraftKings stock price target,good
Schwab Reports Monthly Activity Highlights,good
IBM (IBM) Valuation Check After Recent Share Price Weakness,bad
Ford Falls Most in 15 Months After AI-Driven Rally Abates,bad
"OpenAI, Plaid to Bring Tailored Financial Guidance to Masses",good
Citi resets Intel stock price target for the rest of 2026,good
FDA rejects Pfizer RSV vaccine application citing manufacturing concerns,bad
US inflation surges to 9.1% marking highest reading in four decades,bad
"Jim Cramer says stocks like McDonalds, Walmart that should be soaring in tough times are instead getting slaughtered",bad
Beyond Meat crashes 20% after revenue misses expectations by wide margin,bad
Trump's 'war on DEI' reaches PayPal,bad
Stocks Mixed as Crude Oil Prices and Bond Yields Fall,bad
NOC Outperforms Industry in the Past Year: Should You Buy the Stock?,good
Teslas $250 Million Germany Bet Is Interesting. Its Spending More Before It Has the Payoff.,bad
How Ranch Dressing Took Over America (And Failed Everywhere Else),good
Grocery and Restaurant Prices Post Biggest Jump Since 2022,bad
"These Stocks Are Today s Movers: Dominion Energy, ServiceNow, Ford, Tesla, Lumentum, Micron, UnitedHealth, and More",good
Does Nike (NKE) Stand at an Attractive Risk Reward Setup?,good
Is Microsoft a Must-Have or a Must-Sell? Hedge Funds Take Sides.,good
Market volatility hits 18-month high as investors flee to safe havens,bad
3 Dividend Stocks to Buy Right Now and Never Sell,good
Inflation Uptick Is Starting to Send Sell Signals to Stock Bulls,bad
Honda posted its first-ever loss. Here's what happened.,bad
BP takes $25 billion impairment charge as oil demand outlook deteriorates,bad
Betas Losses Are Growing. Why Thats a Good Thing.,bad
MongoDB (MDB) Announces New Capabilities to Provide Unified AI Data Platform for Production Agents,good
Netflix loses 1.2 million subscribers in shocking quarterly report,bad
Bed Bath and Beyond closes all stores after bankruptcy filing,bad
Is Charles Schwab (SCHW) Offering Opportunity After Recent Share Price Softness?,good
Is Nike (NKE) Starting To Look Attractive After A 33% Year To Date Share Price Slide?,bad
Sector Update: Healthcare Stocks Decline Pre-Bell Monday,bad
Russia cuts natural gas supplies to Europe triggering energy crisis across continent,bad
Nasdaq tumbles 4% as tech selloff accelerates on rate hike fears,bad
Boeing 737 Max grounded again after new safety defect discovered mid-flight,bad
Dow Jones and Nasdaq climb as oil eases on reports of Iran sanctions lift,good
"While Detroit blinked on EVs, the Iran war has handed Chinese automakers the opportunity of a lifetime",bad
Some Very Smart Money Can't Agree On What to Do With Alphabet's Soaring Stock,good
Celsius Network files for bankruptcy after freezing customer withdrawals,bad
Alibaba scraps cloud spinoff plan sending shares to three-year low,bad
Postal Service hires former UPS logistics exec as chief strategy officer,good
Is It Time To Reconsider Salesforce (CRM) After This Year s 32% Share Price Slide?,bad
BlackRock Says 3.6% Credit Yields Could Cushion Market Volatility,good
Adobe s AI Agent And PDF Spaces Reframe Document Workflows And Investor Focus,good
Federal Reserve raises interest rates by 75 basis points for fourth consecutive meeting,bad
"3 Unstoppable Stocks to Buy and Hold, Regardless of What Happens in the Stock Market in 2026",good
"Boeing Eases After China Order, Deliveries Fall Short. Space Stocks Rally.",bad
FCC threatens to revoke AT&T broadcast licences over data sharing violations,bad
Hondas $9 Billion EV Pivot Just Delivered a First for the Company. And It Wasnt Good.,bad
Snap shares crater 30% after revenue miss and weak forward guidance,bad
"Salesforce eliminates 8,000 roles as enterprise software demand softens",bad
"Best CD rates today, May 18, 2026: Lock in up to 4% APY",good
Chipmakers and F1 teams: A match made in compute heaven,good
BlackRock (BLK) Backs a $222 Million Funding Round,good
Bonds Used to Be the Income Answer for Retirees. Then Came the Covered-Call ETF That Pays Over 7%.,good
Why Nvidia earnings must deliver massively,good
Latest News In E-Commerce - Revolutionizing Logistics With Vision-Language-Action AI Systems,good
Fitch downgrades United States credit rating from AAA for first time in history,bad
Adobe (ADBE) Integrates Agentic AI With Major Tech Platforms to Automate Customer Workflows,good
CEBA Announces New Board Leadership and Board Members,good
How The S4 Capital (LSE:SFOR) Story Is Shifting With New Price Targets And Assumptions,good
My Top 2 Consumer Staples Stocks for May 2026,good
AstraZeneca withdraws COVID vaccine globally after rare blood clot side effects confirmed,bad
3 Reasons HON is Risky and 1 Stock to Buy Instead,bad
Equities sink as inflation data comes in hotter than expected,bad
BlackRock Inc (BLK) Expands Tokenized Money-Market Fund,good
Is Generative AI Expanding Adobe's Digital Media Opportunity?,good
"Stocks Open Little Changed Ahead of Nvidia, Walmart Earnings",good
2 Reasons PYPL is Risky and 1 Stock to Buy Instead,bad
Salesforce vs. Oracle: Which AI-Driven Cloud Stock Is a Better Buy?,good
"Boxes, Subscriptions, and Beyond: The Evolution of Software Pricing",good
Kyndryl s Q1 Earnings Call: Our Top 5 Analyst Questions,good
3 Dividend Stocks That Could Cut Their Payouts in 2026,bad
Leverage Shares by Themes Targets Market Movers Across Tech and Industrials with Nine New 2X Single-Stock ETFs,good
Sector Update: Financial Stocks Higher Monday Afternoon,good
Sector Update: Financial Stocks Higher Late Afternoon,good
EPA charges ExxonMobil with widespread environmental violations at refineries,bad
Commercial real estate values plunge 25% as office vacancy rates hit historic highs,bad
North Korea missile tests rattle Asian markets and defence industry suppliers,bad
"Pepsi, Apple, and 9 More AI Momentum Trade Winners. Plus 4 Losers to Dump.",good
TTEC Stock Should Be on Your Radar as the Little-Known Company Quietly Builds Something Rivals Will Struggle to Copy,bad
United Airlines Holdings (UAL) Among The Best Value Stocks To Buy for Long Term Investment,good
Are Wall Street Analysts Bullish on United Parcel Service Stock?,good
Starbucks' Margin Recovery Takes Shape: Can Cost Leverage Build?,good
"Netflix (NFLX) Stock Is Up, What You Need To Know",good
"Goldman Sachs dumps Solana, XRP for surprising new investment",good
Centric Brands and Claire's Announce Strategic Licensing Partnership,good
Why Palantir Stock Popped Today,good
"Deutsche Bank Raises PT on The Charles Schwab Corporation (SCHW), Heres Why",good
"USPS to align dimensional pricing closer to FedEx, UPS",good
"Bitcoin Faces Greater Quantum Computing Risk Than Ethereum, Citi Warns",bad
3 Stocks With Monster Potential to Hold Through the Next Decade of Uncertainty,good
Rare earth export restrictions by China threaten electric vehicle battery production,bad
Berkshire Without Buffett Can Still Move Stocks. Just Look at UnitedHealth.,bad
Global markets collapse as banking crisis spreads to Europe,bad
Coal mining giant slashes dividend after thermal coal prices fall sharply,bad
Investors Reward Honeywells (HON) Focus on Its Pure-Play Automation Business,good
"Lululemon pushes back in proxy battle, calls founder Chip Wilson's views 'outdated'",bad
SpaceX Has Picked a Date for Its IPO. Here's Everything Investors Need to Know Before What Could be the Biggest IPO Ever,good
Rare earth mining company suspends operations after environmental violations,bad
Nvidia Stock Is the King of the AI Castle. History Tells Us It Will Fall Hard and Its Replacement Will Emerge From Thin Air.,bad
ASUS Brings Its Latest Chromebooks to Walmart,good
Pier 1 Imports liquidates all remaining stores after failed restructuring attempt,bad
Regional bank deposits fall $500 billion in worst quarterly outflow on record,bad
"Umicore - Transparency notification by The Goldman Sachs Group, Inc.",good
NFT market volume collapses 97% from peak as speculative bubble fully deflates,bad
Anthropic to let partners share Mythos cybersecurity findings with others,good
Adobe (ADBE) Expands Its Agentic AI Push With New Acrobat Productivity Agent,good
Shopify fires 20% of staff after pandemic e-commerce boom fades,bad
Morgan Stanley resets Nebius stock price forecast,good
Is There Now An Opportunity In Adobe Inc. (NASDAQ:ADBE)?,good
Foot Locker cuts dividend and closes 400 stores as sneaker demand weakens sharply,bad
Spotify cuts 600 jobs as podcast business fails to turn profitable,bad
SpaceX IPO Adds Second Musk Stock. It s a Problem for Tesla,bad
Nanobiotix Announces Presentation of Part 1 Data From a Randomized Phase 2 Clinical Trial Evaluating JNJ-1900 (NBTXR3) in Stage 3 Inoperable Lung Cancer,good
1 Industrials Stock with Promising Prospects and 2 Facing Challenges,bad
"If You Have $480,000 Saved at 67 and Just Sold a Restaurant for $1.1 Million Cash, Here Is the Income Plan That Actually Holds",good
PayPal Stock Trades at Discount Valuation: How to Play the Stock,good
Mining startup delays IPO indefinitely amid hostile equity market conditions,bad
RTX Outperforms Industry in the Past 3 Months: How to Play the Stock?,good
Netflix Just Raised Guidance. The Market Sold It Off. We See 283% Upside,good
Kiplinger s May 2026 Letter Says Yields From 3% to 13% Are Available Right Now Despite Iran War Uncertainty,bad
China imposes sweeping lockdowns across manufacturing hubs disrupting global supply chains,bad
Gap warns of inventory glut and slashes earnings outlook for remainder of year,bad
FedEx (FDX) Stock Slides as Market Rises: Facts to Know Before You Trade,bad
Is It Too Late To Consider BlackRock (BLK) After Recent Share Price Strength?,good
MILO'S BRINGS A TASTE OF SUMMER TO FANS WITH LIMITED EDITION PEACH SWEET TEA,good
2 Quantum Hyperscaler Stocks With 30% Price Target to Watch in May,good
Wind farm developer cancels offshore projects citing soaring construction costs,bad
Ford rival doubles down on China with bold move,good
Stocks Slide as Inflation Fears Lift Bond Yields,bad
Here's How Much a $1000 Investment in Caterpillar Made 10 Years Ago Would Be Worth Today,good
A New Way to Make AI Actually Work in the Real World,good
Forget UnitedHealth: Two Stocks To Buy Now,good
Kodiak AI and General Dynamics Land Systems Form Strategic Collaboration For Autonomous Ground Vehicles,good
"Software's ""Baby with the Bathwater"" Moment",good
"Volkswagen recalls 700,000 vehicles over dangerous brake failure risk",bad
Exploration company writes off $50 million investment after dry holes drilled,bad
"Amazon, IBD's Stock Of The Day, Named 'Franchise Pick' As $3 Trillion Milestone Nears",good
Middle East conflict disrupts oil tanker routes sending crude prices above $100,bad
US trade deficit widens to record $109 billion as import costs surge,bad
3M slashes dividend and warns of deteriorating industrial demand outlook,bad
Here s What TD Cowen Thinks About Amazon.com (AMZN),good
"Home Depot, Lowe's Headline Big Week for Retail Earnings",good
"The Tax-Loss Harvest That Cost a 66-Year-Old Retiree $2,400 in Wash-Sale Penalties She Never Saw Coming",bad
1 Chip Stock Making Bold Plans,good
Pakistan requests IMF emergency bailout as foreign reserves near exhaustion,bad
